"user_id";"username";"age";"email";"first_name";"last_name";"date_of_birth";"gender";"password"
1;"bbrugmann0";35;"bbrugmann0@disqus.com";"Byram";"Brugmann";"1983-01-31";"Male";""
2;"mkesteven1";30;"mkesteven1@bbb.org";"Maire";"Kesteven";"1987-08-01";"Female";""
3;"rcharpin2";44;"rcharpin2@163.com";"Ruggiero";"Charpin";"1973-12-14";"Male";""
4;"espeaks3";67;"espeaks3@slideshare.net";"Electra";"Speaks";"1950-08-06";"Female";""
5;"cradleigh4";22;"cradleigh4@nydailynews.com";"Cchaddie";"Radleigh";"1995-11-25";"Male";""
6;"cgerault5";48;"cgerault5@twitter.com";"Chandler";"Gerault";"1969-08-01";"Male";""
7;"jcockshtt6";31;"jcockshtt6@wordpress.org";"Jobyna";"Cockshtt";"1986-11-02";"Female";""
8;"wbodicum7";30;"wbodicum7@thetimes.co.uk";"Wilma";"Bodicum";"1987-07-11";"Female";""
9;"acoppin8";46;"acoppin8@nationalgeographic.com";"Alena";"Coppin";"1971-06-30";"Female";""
10;"ngosalvez9";68;"ngosalvez9@berkeley.edu";"Neall";"Gosalvez";"1949-05-18";"Male";""
11;"gmuldowniea";49;"gmuldowniea@amazonaws.com";"Granville";"Muldownie";"1968-07-31";"Male";""
12;"drappb";47;"drappb@accuweather.com";"Davidde";"Rapp";"1970-12-27";"Male";""
13;"atumasianc";75;"atumasianc@oakley.com";"Adolphe";"Tumasian";"1942-04-03";"Male";""
14;"apulfordd";56;"apulfordd@uiuc.edu";"Alejoa";"Pulford";"1961-09-05";"Male";""
15;"craynore";51;"craynore@twitpic.com";"Cris";"Raynor";"1966-10-02";"Female";""
16;"sduxfieldf";66;"sduxfieldf@amazonaws.com";"Sonnie";"Duxfield";"1951-09-22";"Female";""
17;"cpetkovicg";22;"cpetkovicg@google.com.au";"Candice";"Petkovic";"1995-04-25";"Female";""
18;"arobbsh";71;"arobbsh@hc360.com";"Amandie";"Robbs";"1946-09-14";"Female";""
19;"bsealsi";50;"bsealsi@webeden.co.uk";"Brendin";"Seals";"1967-07-29";"Male";""
20;"ggreenmonj";74;"ggreenmonj@gravatar.com";"Giraud";"Greenmon";"1943-09-15";"Male";""
21;"sphilipk";62;"sphilipk@yellowbook.com";"Stefanie";"Philip";"1955-12-11";"Female";""
22;"hlinckl";56;"hlinckl@ted.com";"Hope";"Linck";"1962-02-01";"Female";""
23;"dvernazzam";29;"dvernazzam@issuu.com";"Dix";"Vernazza";"1988-11-26";"Female";""
24;"sjermynn";24;"sjermynn@prweb.com";"Sigismundo";"Jermyn";"1993-11-19";"Male";""
25;"desslemonto";74;"desslemonto@loc.gov";"Dallon";"Esslemont";"1943-08-03";"Male";""
26;"nthewsp";22;"nthewsp@bravesites.com";"Nady";"Thews";"1995-05-05";"Female";""
27;"mroobottomq";33;"mroobottomq@i2i.jp";"Micheline";"Roobottom";"1984-07-31";"Female";""
28;"falenshevr";29;"falenshevr@lulu.com";"Forrest";"Alenshev";"1988-07-21";"Male";""
29;"rlindbergs";44;"rlindbergs@dropbox.com";"Rod";"Lindberg";"1974-02-09";"Male";""
30;"dvangeffent";76;"dvangeffent@prlog.org";"Dorri";"Van Geffen";"1941-07-29";"Female";""
31;"gdurbannu";60;"gdurbannu@geocities.jp";"Glenna";"Durbann";"1957-04-05";"Female";""
32;"hhuikerbyv";35;"hhuikerbyv@harvard.edu";"Hester";"Huikerby";"1982-10-07";"Female";""
33;"asheersw";53;"asheersw@e-recht24.de";"Ashley";"Sheers";"1964-11-14";"Male";""
34;"cpikenx";46;"cpikenx@flickr.com";"Codie";"Piken";"1971-12-15";"Male";""
35;"mormerody";49;"mormerody@bigcartel.com";"Marielle";"Ormerod";"1968-09-06";"Female";""
36;"akrojnz";50;"akrojnz@epa.gov";"Adrienne";"Krojn";"1968-01-15";"Female";""
37;"awixey10";55;"awixey10@bloomberg.com";"Ariana";"Wixey";"1962-03-26";"Female";""
38;"mdignan11";46;"mdignan11@msu.edu";"Martie";"Dignan";"1972-01-04";"Male";""
39;"kzanuciolii12";34;"kzanuciolii12@guardian.co.uk";"Ketti";"Zanuciolii";"1984-01-29";"Female";""
40;"kcorrie13";27;"kcorrie13@jalbum.net";"Kurt";"Corrie";"1990-04-26";"Male";""
41;"dpryer14";18;"dpryer14@domainmarket.com";"Dre";"Pryer";"1999-03-09";"Female";""
42;"cmeachen15";69;"cmeachen15@liveinternet.ru";"Cherilyn";"Meachen";"1948-09-14";"Female";""
43;"kbaudic16";57;"kbaudic16@economist.com";"Kassandra";"Baudic";"1960-03-27";"Female";""
44;"lmusso17";59;"lmusso17@msn.com";"Lila";"Musso";"1958-11-20";"Female";""
45;"mgillan18";77;"mgillan18@who.int";"Mose";"Gillan";"1941-01-26";"Male";""
46;"nedinburgh19";39;"nedinburgh19@free.fr";"Natividad";"Edinburgh";"1978-08-27";"Female";""
47;"bpriestnall1a";27;"bpriestnall1a@tinyurl.com";"Bengt";"Priestnall";"1990-09-26";"Male";""
48;"sflattman1b";62;"sflattman1b@dell.com";"Shelia";"Flattman";"1955-10-03";"Female";""
49;"mwickins1c";56;"mwickins1c@princeton.edu";"Mickie";"Wickins";"1961-11-23";"Female";""
50;"sovell1d";57;"sovell1d@paginegialle.it";"Skipton";"Ovell";"1960-10-24";"Male";""
51;"gmaes1e";66;"gmaes1e@elpais.com";"Granville";"Maes";"1951-07-10";"Male";""
52;"svernalls1f";46;"svernalls1f@go.com";"Spike";"Vernalls";"1971-05-17";"Male";""
53;"dpitts1g";41;"dpitts1g@taobao.com";"Dari";"Pitts";"1976-05-06";"Female";""
54;"rcarmont1h";39;"rcarmont1h@yolasite.com";"Ronalda";"Carmont";"1978-11-29";"Female";""
55;"arenzullo1i";27;"arenzullo1i@elegantthemes.com";"Amory";"Renzullo";"1990-07-28";"Male";""
56;"ruden1j";63;"ruden1j@miitbeian.gov.cn";"Robert";"Uden";"1954-05-04";"Male";""
57;"mbartolic1k";32;"mbartolic1k@wikia.com";"Misty";"Bartolic";"1985-12-06";"Female";""
58;"bvamplew1l";32;"bvamplew1l@ezinearticles.com";"Buiron";"Vamplew";"1985-09-30";"Male";""
59;"cpiechnik1m";49;"cpiechnik1m@apple.com";"Cynde";"Piechnik";"1968-05-13";"Female";""
60;"adickie1n";73;"adickie1n@dion.ne.jp";"Aubrette";"Dickie";"1945-01-06";"Female";""
61;"hconlon1o";76;"hconlon1o@addthis.com";"Hanan";"Conlon";"1941-12-19";"Male";""
62;"pwardall1p";44;"pwardall1p@desdev.cn";"Pansy";"Wardall";"1973-10-15";"Female";""
63;"lmillwall1q";44;"lmillwall1q@ask.com";"Leroy";"Millwall";"1973-10-11";"Male";""
64;"pmullenger1r";55;"pmullenger1r@baidu.com";"Page";"Mullenger";"1963-01-27";"Male";""
65;"gbarles1s";62;"gbarles1s@tinyurl.com";"Genevieve";"Barles";"1955-08-22";"Female";""
66;"ddockrey1t";57;"ddockrey1t@de.vu";"Denys";"Dockrey";"1960-05-09";"Male";""
67;"pcaffrey1u";47;"pcaffrey1u@last.fm";"Pattie";"Caffrey";"1970-10-17";"Female";""
68;"mguyer1v";36;"mguyer1v@google.es";"Matthaeus";"Guyer";"1981-04-25";"Male";""
69;"bhambrook1w";27;"bhambrook1w@goo.ne.jp";"Bobbi";"Hambrook";"1990-08-14";"Female";""
70;"sdinsey1x";42;"sdinsey1x@harvard.edu";"Shirley";"Dinsey";"1975-12-23";"Female";""
71;"dcaspell1y";65;"dcaspell1y@squarespace.com";"Duane";"Caspell";"1952-11-05";"Male";""
72;"jmenat1z";47;"jmenat1z@toplist.cz";"Josselyn";"Menat";"1970-11-27";"Female";""
73;"aclemerson20";22;"aclemerson20@plala.or.jp";"Anica";"Clemerson";"1995-10-19";"Female";""
74;"mpearmain21";35;"mpearmain21@pbs.org";"Merry";"Pearmain";"1982-05-15";"Male";""
75;"cmaydway22";26;"cmaydway22@qq.com";"Connie";"Maydway";"1991-08-29";"Male";""
76;"yvickress23";72;"yvickress23@bbb.org";"Yuri";"Vickress";"1945-12-01";"Male";""
77;"clake24";77;"clake24@hostgator.com";"Concettina";"Lake";"1940-10-02";"Female";""
78;"bbelasco25";68;"bbelasco25@huffingtonpost.com";"Bronson";"Belasco";"1949-10-16";"Male";""
79;"amcnabb26";66;"amcnabb26@google.com.au";"Angelo";"McNabb";"1952-01-10";"Male";""
80;"slahy27";75;"slahy27@livejournal.com";"Selig";"Lahy";"1942-10-27";"Male";""
81;"ktry28";24;"ktry28@liveinternet.ru";"Kile";"Try";"1993-10-21";"Male";""
82;"snobriga29";26;"snobriga29@shinystat.com";"Seana";"Nobriga";"1991-05-22";"Female";""
83;"sbouch2a";22;"sbouch2a@harvard.edu";"Syman";"Bouch";"1995-10-25";"Male";""
84;"zwalshe2b";46;"zwalshe2b@webeden.co.uk";"Zora";"Walshe";"1971-08-12";"Female";""
85;"tcrowthe2c";49;"tcrowthe2c@hubpages.com";"Tedmund";"Crowthe";"1969-03-05";"Male";""
86;"hmcturlough2d";31;"hmcturlough2d@mysql.com";"Humfrid";"McTurlough";"1986-03-23";"Male";""
87;"dhamblyn2e";27;"dhamblyn2e@tripod.com";"Dee";"Hamblyn";"1990-05-23";"Female";""
88;"ecantos2f";66;"ecantos2f@huffingtonpost.com";"Elfrieda";"Cantos";"1951-03-30";"Female";""
89;"dgillford2g";65;"dgillford2g@typepad.com";"Deonne";"Gillford";"1952-03-31";"Female";""
90;"ckempston2h";50;"ckempston2h@drupal.org";"Consalve";"Kempston";"1968-02-19";"Male";""
91;"ddewire2i";34;"ddewire2i@cornell.edu";"Delainey";"Dewire";"1983-03-15";"Male";""
92;"mpabelik2j";53;"mpabelik2j@icio.us";"Mikkel";"Pabelik";"1965-01-29";"Male";""
93;"tizzett2k";21;"tizzett2k@oracle.com";"Tymothy";"Izzett";"1996-09-08";"Male";""
94;"crutherford2l";69;"crutherford2l@cbc.ca";"Clarice";"Rutherford";"1948-05-23";"Female";""
95;"splumbley2m";73;"splumbley2m@aol.com";"Shandee";"Plumbley";"1944-08-03";"Female";""
96;"esanz2n";44;"esanz2n@geocities.com";"Eleanore";"Sanz";"1973-05-15";"Female";""
97;"cnurdin2o";24;"cnurdin2o@berkeley.edu";"Clerkclaude";"Nurdin";"1994-01-10";"Male";""
98;"hbenedicto2p";33;"hbenedicto2p@mashable.com";"Horst";"Benedicto";"1985-01-15";"Male";""
99;"lrae2q";19;"lrae2q@epa.gov";"Leonie";"Rae";"1998-10-26";"Female";""
100;"schellam2r";45;"schellam2r@desdev.cn";"Sheffy";"Chellam";"1972-09-09";"Male";""
101;"weasey2s";72;"weasey2s@facebook.com";"Wayne";"Easey";"1945-09-28";"Male";""
102;"ahalwell2t";72;"ahalwell2t@parallels.com";"August";"Halwell";"1945-06-04";"Male";""
103;"zvitler2u";22;"zvitler2u@scribd.com";"Zara";"Vitler";"1995-08-06";"Female";""
104;"ayves2v";46;"ayves2v@princeton.edu";"Adoree";"Yves";"1971-04-23";"Female";""
105;"jmacdearmont2w";40;"jmacdearmont2w@mapquest.com";"Jasmina";"MacDearmont";"1977-09-20";"Female";""
106;"tolley2x";39;"tolley2x@netlog.com";"Torrance";"Olley";"1978-04-14";"Male";""
107;"gwinterscale2y";72;"gwinterscale2y@themeforest.net";"Gary";"Winterscale";"1945-11-20";"Male";""
108;"anestor2z";72;"anestor2z@homestead.com";"Arnaldo";"Nestor";"1945-08-23";"Male";""
109;"idilloway30";42;"idilloway30@t-online.de";"Immanuel";"Dilloway";"1975-06-12";"Male";""
110;"jfrossell31";58;"jfrossell31@utexas.edu";"Janella";"Frossell";"1959-12-25";"Female";""
111;"sboulton32";60;"sboulton32@flickr.com";"Silvester";"Boulton";"1958-02-13";"Male";""
112;"teuler33";35;"teuler33@cbsnews.com";"Tiphanie";"Euler";"1982-12-01";"Female";""
113;"vdunston34";46;"vdunston34@cafepress.com";"Veronica";"Dunston";"1971-03-25";"Female";""
114;"aklemencic35";31;"aklemencic35@foxnews.com";"Avery";"Klemencic";"1986-10-29";"Male";""
115;"gowbrick36";71;"gowbrick36@google.it";"Gretchen";"Owbrick";"1946-07-15";"Female";""
116;"smelledy37";71;"smelledy37@google.com.au";"Salvatore";"Melledy";"1946-10-20";"Male";""
117;"jlaxston38";71;"jlaxston38@theatlantic.com";"Jo-anne";"Laxston";"1946-12-13";"Female";""
118;"svoelker39";59;"svoelker39@cnet.com";"Stesha";"Voelker";"1958-06-07";"Female";""
119;"jwanklyn3a";49;"jwanklyn3a@cbc.ca";"Judy";"Wanklyn";"1968-12-28";"Female";""
120;"bbonett3b";63;"bbonett3b@japanpost.jp";"Bertina";"Bonett";"1954-08-02";"Female";""
121;"prosenauer3c";21;"prosenauer3c@quantcast.com";"Porter";"Rosenauer";"1996-05-20";"Male";""
122;"skalisz3d";25;"skalisz3d@tinypic.com";"Siobhan";"Kalisz";"1992-12-14";"Female";""
123;"pscheffler3e";37;"pscheffler3e@oracle.com";"Puff";"Scheffler";"1980-06-06";"Male";""
124;"nfilewood3f";51;"nfilewood3f@chron.com";"Neila";"Filewood";"1966-11-29";"Female";""
125;"wpoland3g";37;"wpoland3g@narod.ru";"Worth";"Poland";"1980-05-17";"Male";""
126;"tmacaindreis3h";22;"tmacaindreis3h@reddit.com";"Thebault";"MacAindreis";"1995-04-15";"Male";""
127;"ipenwright3i";49;"ipenwright3i@mozilla.com";"Imogene";"Penwright";"1968-10-19";"Female";""
128;"pdeuss3j";27;"pdeuss3j@salon.com";"Perice";"Deuss";"1991-02-20";"Male";""
129;"mleatherbarrow3k";47;"mleatherbarrow3k@goodreads.com";"Marv";"Leatherbarrow";"1970-03-20";"Male";""
130;"akiln3l";64;"akiln3l@columbia.edu";"Alexi";"Kiln";"1954-02-22";"Female";""
131;"mpriestman3m";67;"mpriestman3m@toplist.cz";"Milty";"Priestman";"1951-02-25";"Male";""
132;"lpacey3n";40;"lpacey3n@whitehouse.gov";"Lavena";"Pacey";"1977-08-15";"Female";""
133;"podney3o";63;"podney3o@jalbum.net";"Pepi";"Odney";"1954-08-14";"Female";""
134;"cmartineau3p";29;"cmartineau3p@salon.com";"Chantal";"Martineau";"1988-08-27";"Female";""
135;"rhindenberger3q";23;"rhindenberger3q@bandcamp.com";"Remington";"Hindenberger";"1994-06-17";"Male";""
136;"dmartyns3r";48;"dmartyns3r@hugedomains.com";"Demetra";"Martyns";"1969-03-22";"Female";""
137;"smacparlan3s";54;"smacparlan3s@flavors.me";"Shannon";"MacParlan";"1963-03-25";"Male";""
138;"cmepham3t";55;"cmepham3t@thetimes.co.uk";"Carolyn";"Mepham";"1963-02-07";"Female";""
139;"epuckring3u";60;"epuckring3u@sitemeter.com";"Elden";"Puckring";"1957-08-16";"Male";""
140;"jhagwood3v";64;"jhagwood3v@spiegel.de";"Jameson";"Hagwood";"1953-12-15";"Male";""
141;"tfriett3w";40;"tfriett3w@admin.ch";"Trixi";"Friett";"1977-08-31";"Female";""
142;"afernehough3x";24;"afernehough3x@businesswire.com";"Allyn";"Fernehough";"1993-08-24";"Male";""
143;"nlesslie3y";69;"nlesslie3y@xing.com";"Neila";"Lesslie";"1949-01-08";"Female";""
144;"lwaltho3z";44;"lwaltho3z@whitehouse.gov";"Leah";"Waltho";"1973-11-22";"Female";""
145;"kaidler40";74;"kaidler40@google.com.au";"Kitty";"Aidler";"1943-08-24";"Female";""
146;"mmacvicar41";39;"mmacvicar41@bloglines.com";"Merla";"MacVicar";"1978-08-05";"Female";""
147;"josban42";39;"josban42@jigsy.com";"Jeff";"Osban";"1978-10-31";"Male";""
148;"ghune43";70;"ghune43@nih.gov";"Gabrielle";"Hune";"1947-08-16";"Female";""
149;"ahearne44";66;"ahearne44@apple.com";"Ailsun";"Hearne";"1951-08-20";"Female";""
150;"bruperti45";54;"bruperti45@si.edu";"Brooks";"Ruperti";"1963-03-25";"Female";""
151;"hbenettelli46";46;"hbenettelli46@gravatar.com";"Hilliard";"Benettelli";"1971-08-26";"Male";""
152;"mmillott47";27;"mmillott47@dailymotion.com";"Matteo";"Millott";"1990-10-22";"Male";""
153;"kzupo48";28;"kzupo48@gravatar.com";"Karney";"Zupo";"1989-10-03";"Male";""
154;"fwraight49";31;"fwraight49@google.com";"Filia";"Wraight";"1986-04-06";"Female";""
155;"kmilesap4a";65;"kmilesap4a@artisteer.com";"Kay";"Milesap";"1952-08-04";"Female";""
156;"lcosta4b";34;"lcosta4b@hibu.com";"Linc";"Costa";"1983-07-08";"Male";""
157;"zollerton4c";46;"zollerton4c@ifeng.com";"Zaneta";"Ollerton";"1971-06-01";"Female";""
158;"mgrece4d";70;"mgrece4d@hibu.com";"Maybelle";"Grece";"1947-07-05";"Female";""
159;"ssimic4e";29;"ssimic4e@google.cn";"Silvan";"Simic";"1988-06-21";"Male";""
160;"nlergan4f";74;"nlergan4f@harvard.edu";"Nial";"Lergan";"1944-01-02";"Male";""
161;"gsabey4g";59;"gsabey4g@nba.com";"Glad";"Sabey";"1958-11-14";"Female";""
162;"jlivingston4h";75;"jlivingston4h@surveymonkey.com";"Jeno";"Livingston";"1942-09-24";"Male";""
163;"lkigelman4i";21;"lkigelman4i@biglobe.ne.jp";"Laurice";"Kigelman";"1996-08-17";"Female";""
164;"jolligan4j";58;"jolligan4j@seesaa.net";"Jandy";"Olligan";"1959-04-14";"Female";""
165;"dmelloy4k";26;"dmelloy4k@virginia.edu";"Duffie";"Melloy";"1991-08-04";"Male";""
166;"tdeshorts4l";49;"tdeshorts4l@php.net";"Tripp";"Deshorts";"1968-06-23";"Male";""
167;"amariette4m";32;"amariette4m@drupal.org";"Alikee";"Mariette";"1985-05-07";"Female";""
168;"bgreasty4n";66;"bgreasty4n@rediff.com";"Bary";"Greasty";"1951-05-30";"Male";""
169;"bcaras4o";48;"bcaras4o@dmoz.org";"Brendan";"Caras";"1969-10-04";"Male";""
170;"rleighton4p";53;"rleighton4p@yolasite.com";"Reinhard";"Leighton";"1964-07-04";"Male";""
171;"fmallen4q";32;"fmallen4q@paginegialle.it";"Filberto";"Mallen";"1986-02-24";"Male";""
172;"ccritchlow4r";50;"ccritchlow4r@discuz.net";"Conan";"Critchlow";"1968-02-15";"Male";""
173;"rdimitrescu4s";18;"rdimitrescu4s@tumblr.com";"Raychel";"Dimitrescu";"1999-06-24";"Female";""
174;"vugoni4t";30;"vugoni4t@bandcamp.com";"Vale";"Ugoni";"1987-07-06";"Female";""
175;"ibirbeck4u";23;"ibirbeck4u@who.int";"Ignacius";"Birbeck";"1994-09-29";"Male";""
176;"caudrey4v";70;"caudrey4v@answers.com";"Calvin";"Audrey";"1948-02-09";"Male";""
177;"jboards4w";31;"jboards4w@rediff.com";"Jayme";"Boards";"1986-07-08";"Male";""
178;"lkliner4x";49;"lkliner4x@artisteer.com";"Lissi";"Kliner";"1968-12-05";"Female";""
179;"achidlow4y";40;"achidlow4y@craigslist.org";"Anne-corinne";"Chidlow";"1977-05-23";"Female";""
180;"pdrinkall4z";47;"pdrinkall4z@cargocollective.com";"Petr";"Drinkall";"1970-10-29";"Male";""
181;"sprestage50";43;"sprestage50@census.gov";"Suki";"Prestage";"1974-07-19";"Female";""
182;"ksilverson51";41;"ksilverson51@google.ca";"Katee";"Silverson";"1976-05-28";"Female";""
183;"zfirbanks52";48;"zfirbanks52@technorati.com";"Zsazsa";"Firbanks";"1969-09-03";"Female";""
184;"kcreebo53";65;"kcreebo53@spotify.com";"Kellby";"Creebo";"1952-10-24";"Male";""
185;"rsibbert54";41;"rsibbert54@sphinn.com";"Rosita";"Sibbert";"1976-05-25";"Female";""
186;"bcarrol55";32;"bcarrol55@youku.com";"Brnaby";"Carrol";"1985-04-12";"Male";""
187;"ktithecott56";42;"ktithecott56@si.edu";"Konstantine";"Tithecott";"1975-09-07";"Male";""
188;"baartsen57";66;"baartsen57@ucsd.edu";"Blaine";"Aartsen";"1951-12-02";"Male";""
189;"pvarndall58";20;"pvarndall58@topsy.com";"Phillida";"Varndall";"1997-08-27";"Female";""
190;"acromwell59";39;"acromwell59@sina.com.cn";"Alvis";"Cromwell";"1978-08-10";"Male";""
191;"amachent5a";36;"amachent5a@sphinn.com";"Alida";"Machent";"1981-05-08";"Female";""
192;"bbedberry5b";76;"bbedberry5b@blinklist.com";"Brok";"Bedberry";"1941-07-08";"Male";""
193;"idalessio5c";51;"idalessio5c@networkadvertising.org";"Inger";"D'Alessio";"1966-12-05";"Female";""
194;"cilyuchyov5d";50;"cilyuchyov5d@tmall.com";"Chrisy";"Ilyuchyov";"1967-03-20";"Male";""
195;"fdefries5e";47;"fdefries5e@comcast.net";"Frannie";"De Fries";"1971-01-07";"Female";""
196;"thirth5f";59;"thirth5f@marketwatch.com";"Templeton";"Hirth";"1958-05-08";"Male";""
197;"bfull5g";72;"bfull5g@ifeng.com";"Bryant";"Full";"1946-01-27";"Male";""
198;"lpawfoot5h";43;"lpawfoot5h@thetimes.co.uk";"Lowe";"Pawfoot";"1974-12-08";"Male";""
199;"thairs5i";59;"thairs5i@oakley.com";"Torre";"Hairs";"1958-07-20";"Male";""
200;"krosenzwig5j";32;"krosenzwig5j@indiatimes.com";"Kinnie";"Rosenzwig";"1985-12-19";"Male";""
201;"abim5k";54;"abim5k@nps.gov";"Averil";"Bim";"1963-09-01";"Female";""
202;"apassion5l";77;"apassion5l@ted.com";"Abbi";"Passion";"1940-12-01";"Female";""
203;"jshave5m";41;"jshave5m@sourceforge.net";"Juieta";"Shave";"1976-07-24";"Female";""
204;"ljanuszkiewicz5n";67;"ljanuszkiewicz5n@odnoklassniki.ru";"Lyn";"Januszkiewicz";"1951-01-06";"Male";""
205;"abenjafield5o";56;"abenjafield5o@blinklist.com";"Artus";"Benjafield";"1961-07-06";"Male";""
206;"mbromley5p";72;"mbromley5p@joomla.org";"Marcelia";"Bromley";"1945-05-28";"Female";""
207;"smaffey5q";66;"smaffey5q@slate.com";"Shari";"Maffey";"1951-11-06";"Female";""
208;"lwagg5r";51;"lwagg5r@webs.com";"Laraine";"Wagg";"1966-04-01";"Female";""
209;"gocuddie5s";52;"gocuddie5s@oracle.com";"Genevra";"O'Cuddie";"1965-08-28";"Female";""
210;"htreher5t";21;"htreher5t@a8.net";"Haydon";"Treher";"1996-11-02";"Male";""
211;"lklimpt5u";29;"lklimpt5u@hhs.gov";"Lulita";"Klimpt";"1988-12-19";"Female";""
212;"ogosselin5v";41;"ogosselin5v@utexas.edu";"Olvan";"Gosselin";"1977-02-23";"Male";""
213;"nmolineaux5w";32;"nmolineaux5w@slideshare.net";"Nester";"Molineaux";"1985-09-12";"Male";""
214;"kbrompton5x";57;"kbrompton5x@smugmug.com";"Kerrie";"Brompton";"1960-12-20";"Female";""
215;"ghurrion5y";40;"ghurrion5y@buzzfeed.com";"Giulia";"Hurrion";"1977-04-29";"Female";""
216;"cmcrobert5z";36;"cmcrobert5z@hostgator.com";"Ches";"McRobert";"1981-12-08";"Male";""
217;"astetson60";26;"astetson60@xing.com";"Adriano";"Stetson";"1991-08-01";"Male";""
218;"dclapson61";63;"dclapson61@histats.com";"Danyette";"Clapson";"1954-06-27";"Female";""
219;"bmeininger62";69;"bmeininger62@shop-pro.jp";"Berry";"Meininger";"1948-08-14";"Female";""
220;"ryerill63";76;"ryerill63@cdc.gov";"Reuven";"Yerill";"1941-04-16";"Male";""
221;"arowlstone64";23;"arowlstone64@prnewswire.com";"Audi";"Rowlstone";"1994-10-25";"Female";""
222;"adoyle65";49;"adoyle65@huffingtonpost.com";"Augustine";"Doyle";"1968-12-22";"Male";""
223;"nworland66";62;"nworland66@who.int";"Nicoli";"Worland";"1955-08-27";"Female";""
224;"sdoughtery67";63;"sdoughtery67@bing.com";"Sax";"Doughtery";"1954-04-18";"Male";""
225;"rcattell68";21;"rcattell68@fastcompany.com";"Ree";"Cattell";"1996-04-18";"Female";""
226;"fkneller69";49;"fkneller69@mediafire.com";"Flori";"Kneller";"1968-04-19";"Female";""
227;"nfallanche6a";46;"nfallanche6a@reverbnation.com";"Nelle";"Fallanche";"1971-09-25";"Female";""
228;"lforsard6b";70;"lforsard6b@cyberchimps.com";"Latrena";"Forsard";"1947-09-26";"Female";""
229;"kcoldman6c";54;"kcoldman6c@psu.edu";"Keith";"Coldman";"1964-02-18";"Male";""
230;"nvockings6d";52;"nvockings6d@cdc.gov";"Norene";"Vockings";"1965-11-12";"Female";""
231;"tgillean6e";75;"tgillean6e@feedburner.com";"Teador";"Gillean";"1942-06-23";"Male";""
232;"ltreacy6f";70;"ltreacy6f@census.gov";"Lyndel";"Treacy";"1947-10-08";"Female";""
233;"amatisse6g";46;"amatisse6g@sbwire.com";"Angus";"Matisse";"1971-05-22";"Male";""
234;"tcourteney6h";29;"tcourteney6h@vk.com";"Tito";"Courteney";"1988-03-15";"Male";""
235;"pveeler6i";75;"pveeler6i@51.la";"Paulina";"Veeler";"1942-08-03";"Female";""
236;"tbezley6j";57;"tbezley6j@surveymonkey.com";"Tam";"Bezley";"1960-04-23";"Male";""
237;"sfrickey6k";57;"sfrickey6k@lycos.com";"Sunny";"Frickey";"1960-08-16";"Male";""
238;"aearly6l";27;"aearly6l@wikispaces.com";"Ansell";"Early";"1990-07-21";"Male";""
239;"nmulheron6m";25;"nmulheron6m@bbc.co.uk";"Neddy";"Mulheron";"1992-06-27";"Male";""
240;"rsapshed6n";34;"rsapshed6n@netscape.com";"Ruprecht";"Sapshed";"1983-05-15";"Male";""
241;"tgarric6o";51;"tgarric6o@nymag.com";"Trey";"Garric";"1966-07-31";"Male";""
242;"dwarke6p";66;"dwarke6p@mashable.com";"Damita";"Warke";"1951-12-17";"Female";""
243;"draspel6q";52;"draspel6q@ca.gov";"Dahlia";"Raspel";"1965-07-08";"Female";""
244;"bfache6r";27;"bfache6r@about.com";"Berny";"Fache";"1990-09-27";"Male";""
245;"pimpy6s";35;"pimpy6s@cdc.gov";"Pauline";"Impy";"1982-07-05";"Female";""
246;"ikinforth6t";51;"ikinforth6t@quantcast.com";"Ilse";"Kinforth";"1966-05-23";"Female";""
247;"hstainton6u";61;"hstainton6u@ucsd.edu";"Harrie";"Stainton";"1956-12-27";"Female";""
248;"mcamblin6v";55;"mcamblin6v@istockphoto.com";"Meaghan";"Camblin";"1962-04-23";"Female";""
249;"rcalan6w";74;"rcalan6w@chronoengine.com";"Robby";"Calan";"1943-11-23";"Male";""
250;"ccawdron6x";27;"ccawdron6x@dion.ne.jp";"Cora";"Cawdron";"1990-05-31";"Female";""
251;"gfeedome6y";48;"gfeedome6y@soundcloud.com";"Gwendolyn";"Feedome";"1969-06-15";"Female";""
252;"tprynne6z";71;"tprynne6z@addtoany.com";"Tyrone";"Prynne";"1946-03-28";"Male";""
253;"pguislin70";45;"pguislin70@histats.com";"Paulette";"Guislin";"1973-01-04";"Female";""
254;"bruckman71";21;"bruckman71@berkeley.edu";"Barnabas";"Ruckman";"1996-03-26";"Male";""
255;"aalfonsetto72";25;"aalfonsetto72@addtoany.com";"Andris";"Alfonsetto";"1992-10-14";"Male";""
256;"swhitworth73";68;"swhitworth73@instagram.com";"Shawnee";"Whitworth";"1949-09-23";"Female";""
257;"rkippie74";66;"rkippie74@mail.ru";"Rudolph";"Kippie";"1951-06-18";"Male";""
258;"rmuccino75";20;"rmuccino75@foxnews.com";"Reggie";"Muccino";"1998-02-06";"Female";""
259;"mgosselin76";57;"mgosselin76@miitbeian.gov.cn";"Milty";"Gosselin";"1961-01-21";"Male";""
260;"oballefant77";76;"oballefant77@furl.net";"Odo";"Ballefant";"1941-08-25";"Male";""
261;"atarplee78";68;"atarplee78@about.me";"Austina";"Tarplee";"1949-06-27";"Female";""
262;"bhalliwell79";37;"bhalliwell79@phpbb.com";"Burk";"Halliwell";"1980-08-07";"Male";""
263;"akebell7a";48;"akebell7a@cbsnews.com";"Andra";"Kebell";"1969-06-25";"Female";""
264;"rluna7b";52;"rluna7b@ow.ly";"Rafferty";"Luna";"1966-03-10";"Male";""
265;"eblamire7c";64;"eblamire7c@thetimes.co.uk";"Eal";"Blamire";"1953-12-29";"Male";""
266;"rmacglory7d";36;"rmacglory7d@blogspot.com";"Rodger";"MacGlory";"1981-08-13";"Male";""
267;"bfarthin7e";58;"bfarthin7e@va.gov";"Brietta";"Farthin";"1959-08-18";"Female";""
268;"ngozard7f";40;"ngozard7f@godaddy.com";"Norene";"Gozard";"1977-04-23";"Female";""
269;"smacmeekan7g";69;"smacmeekan7g@furl.net";"Seka";"MacMeekan";"1948-11-07";"Female";""
270;"jeffnert7h";45;"jeffnert7h@canalblog.com";"Jenifer";"Effnert";"1972-04-28";"Female";""
271;"ctolomei7i";38;"ctolomei7i@cam.ac.uk";"Cleo";"Tolomei";"1979-10-10";"Female";""
272;"gblazeby7j";26;"gblazeby7j@nih.gov";"Grannie";"Blazeby";"1992-02-23";"Male";""
273;"psherrock7k";44;"psherrock7k@apache.org";"Piotr";"Sherrock";"1973-07-13";"Male";""
274;"amack7l";65;"amack7l@webeden.co.uk";"Audrye";"Mack";"1953-02-17";"Female";""
275;"dmccreary7m";68;"dmccreary7m@forbes.com";"Daron";"McCreary";"1950-02-08";"Female";""
276;"mflieg7n";35;"mflieg7n@sphinn.com";"Milty";"Flieg";"1982-08-07";"Male";""
277;"abampton7o";73;"abampton7o@nydailynews.com";"Abby";"Bampton";"1944-08-25";"Male";""
278;"fsimmens7p";18;"fsimmens7p@about.me";"Fredric";"Simmens";"1999-05-22";"Male";""
279;"zdoughtery7q";36;"zdoughtery7q@geocities.jp";"Zola";"Doughtery";"1981-09-28";"Female";""
280;"mgilbart7r";61;"mgilbart7r@dedecms.com";"Meghann";"Gilbart";"1956-11-22";"Female";""
281;"mblewmen7s";75;"mblewmen7s@g.co";"Maude";"Blewmen";"1942-07-15";"Female";""
282;"gcothey7t";77;"gcothey7t@tinypic.com";"Gustaf";"Cothey";"1941-02-26";"Male";""
283;"fragate7u";20;"fragate7u@imdb.com";"Fawn";"Ragate";"1998-01-27";"Female";""
284;"tsnoden7v";35;"tsnoden7v@sogou.com";"Turner";"Snoden";"1982-06-10";"Male";""
285;"jkneafsey7w";62;"jkneafsey7w@usa.gov";"Jena";"Kneafsey";"1955-12-24";"Female";""
286;"bgalton7x";40;"bgalton7x@github.io";"Brandy";"Galton";"1977-12-01";"Female";""
287;"hgriggs7y";28;"hgriggs7y@mail.ru";"Harlie";"Griggs";"1989-07-05";"Female";""
288;"rkinge7z";45;"rkinge7z@unblog.fr";"Ram";"Kinge";"1972-03-20";"Male";""
289;"aschneidau80";52;"aschneidau80@sakura.ne.jp";"Alexine";"Schneidau";"1965-05-05";"Female";""
290;"dschwandermann81";70;"dschwandermann81@blogs.com";"Damian";"Schwandermann";"1947-09-15";"Male";""
291;"bmoxon82";20;"bmoxon82@nasa.gov";"Base";"Moxon";"1997-09-24";"Male";""
292;"ekores83";74;"ekores83@webeden.co.uk";"Edgardo";"Kores";"1944-01-11";"Male";""
293;"ejohann84";39;"ejohann84@about.me";"Elisa";"Johann";"1978-09-01";"Female";""
294;"bkuzemka85";74;"bkuzemka85@google.com.hk";"Benjamen";"Kuzemka";"1943-07-11";"Male";""
295;"ewillshear86";68;"ewillshear86@jugem.jp";"Emmy";"Willshear";"1949-08-05";"Male";""
296;"rbrinded87";26;"rbrinded87@is.gd";"Rosabel";"Brinded";"1991-07-22";"Female";""
297;"amaven88";48;"amaven88@uol.com.br";"Antoni";"Maven";"1970-03-01";"Male";""
298;"wlots89";56;"wlots89@github.io";"Wilona";"Lots";"1962-02-08";"Female";""
299;"cnanelli8a";37;"cnanelli8a@xinhuanet.com";"Christoph";"Nanelli";"1980-08-13";"Male";""
300;"zgodly8b";25;"zgodly8b@businessweek.com";"Zacharie";"Godly";"1992-12-29";"Male";""
301;"bbrissard8c";60;"bbrissard8c@so-net.ne.jp";"Binky";"Brissard";"1958-01-10";"Male";""
302;"jrohlfing8d";52;"jrohlfing8d@umich.edu";"Julio";"Rohlfing";"1965-08-24";"Male";""
303;"lkleisle8e";28;"lkleisle8e@tamu.edu";"Lacie";"Kleisle";"1989-10-28";"Female";""
304;"mnicholes8f";28;"mnicholes8f@zimbio.com";"Marven";"Nicholes";"1989-08-11";"Male";""
305;"jnix8g";38;"jnix8g@unesco.org";"Janek";"Nix";"1979-06-11";"Male";""
306;"pohanlon8h";46;"pohanlon8h@netvibes.com";"Pierrette";"O'Hanlon";"1972-02-03";"Female";""
307;"agilchrest8i";35;"agilchrest8i@msu.edu";"Ambrose";"Gilchrest";"1982-08-21";"Male";""
308;"jrizzo8j";56;"jrizzo8j@sfgate.com";"Joscelin";"Rizzo";"1961-11-11";"Female";""
309;"aulyet8k";54;"aulyet8k@nifty.com";"Avram";"Ulyet";"1964-02-01";"Male";""
310;"jbreckwell8l";46;"jbreckwell8l@bloomberg.com";"Jaimie";"Breckwell";"1971-05-19";"Male";""
311;"rgorman8m";42;"rgorman8m@pen.io";"Rollin";"Gorman";"1975-06-12";"Male";""
312;"wgomm8n";49;"wgomm8n@ehow.com";"Walliw";"Gomm";"1968-12-24";"Female";""
313;"tdossit8o";44;"tdossit8o@pbs.org";"Tracee";"Dossit";"1973-10-19";"Female";""
314;"klepick8p";29;"klepick8p@youtube.com";"Kissiah";"Lepick";"1988-05-14";"Female";""
315;"grutigliano8q";45;"grutigliano8q@ted.com";"Griff";"Rutigliano";"1973-03-11";"Male";""
316;"lmatteuzzi8r";24;"lmatteuzzi8r@telegraph.co.uk";"Layne";"Matteuzzi";"1993-08-29";"Female";""
317;"ocarlsson8s";61;"ocarlsson8s@zdnet.com";"Oneida";"Carlsson";"1956-08-08";"Female";""
318;"rcasolla8t";40;"rcasolla8t@delicious.com";"Ralf";"Casolla";"1977-06-27";"Male";""
319;"ftayt8u";35;"ftayt8u@unicef.org";"Flossi";"Tayt";"1982-07-11";"Female";""
320;"csandercock8v";50;"csandercock8v@pcworld.com";"Cate";"Sandercock";"1967-06-30";"Female";""
321;"ljarred8w";20;"ljarred8w@usatoday.com";"Lovell";"Jarred";"1997-03-21";"Male";""
322;"agemlett8x";19;"agemlett8x@cpanel.net";"Allyce";"Gemlett";"1998-08-10";"Female";""
323;"dplevey8y";24;"dplevey8y@example.com";"Derril";"Plevey";"1993-11-21";"Male";""
324;"zciciari8z";24;"zciciari8z@auda.org.au";"Zorine";"Ciciari";"1993-06-29";"Female";""
325;"bcockerton90";41;"bcockerton90@google.fr";"Boigie";"Cockerton";"1976-05-30";"Male";""
326;"wducrow91";29;"wducrow91@g.co";"Warren";"Ducrow";"1988-06-08";"Male";""
327;"hfumagall92";58;"hfumagall92@drupal.org";"Helena";"Fumagall";"1959-06-16";"Female";""
328;"ggodsell93";26;"ggodsell93@example.com";"Gannon";"Godsell";"1991-09-05";"Male";""
329;"awitherington94";56;"awitherington94@last.fm";"Abner";"Witherington";"1961-07-19";"Male";""
330;"chynde95";43;"chynde95@google.com.hk";"Chaim";"Hynde";"1974-04-13";"Male";""
331;"kdmitr96";38;"kdmitr96@wikispaces.com";"Koenraad";"Dmitr";"1980-01-18";"Male";""
332;"lkeogh97";27;"lkeogh97@reuters.com";"Loni";"Keogh";"1990-07-23";"Female";""
333;"cbuss98";53;"cbuss98@home.pl";"Culley";"Buss";"1964-11-17";"Male";""
334;"emacsporran99";65;"emacsporran99@hugedomains.com";"Edan";"MacSporran";"1953-01-08";"Male";""
335;"jeckh9a";30;"jeckh9a@odnoklassniki.ru";"Jerrome";"Eckh";"1987-08-16";"Male";""
336;"cduiged9b";53;"cduiged9b@apache.org";"Cloris";"Duiged";"1965-02-21";"Female";""
337;"ksperry9c";62;"ksperry9c@friendfeed.com";"Karol";"Sperry";"1955-03-20";"Female";""
338;"jmacascaidh9d";38;"jmacascaidh9d@aboutads.info";"Jillian";"MacAscaidh";"1979-07-31";"Female";""
339;"abootland9e";42;"abootland9e@free.fr";"Alvinia";"Bootland";"1975-08-02";"Female";""
340;"jchampionnet9f";68;"jchampionnet9f@rambler.ru";"Justinian";"Championnet";"1950-03-12";"Male";""
341;"vrowes9g";60;"vrowes9g@4shared.com";"Vickie";"Rowes";"1957-05-23";"Female";""
342;"nprimo9h";35;"nprimo9h@timesonline.co.uk";"Nap";"Primo";"1982-12-03";"Male";""
343;"sdelacourt9i";56;"sdelacourt9i@ebay.com";"Shane";"Delacourt";"1961-10-19";"Male";""
344;"gbrigg9j";20;"gbrigg9j@ameblo.jp";"Gottfried";"Brigg";"1997-12-28";"Male";""
345;"lklehn9k";48;"lklehn9k@abc.net.au";"Lilla";"Klehn";"1969-08-09";"Female";""
346;"dchucks9l";53;"dchucks9l@cnet.com";"Doretta";"Chucks";"1965-03-07";"Female";""
347;"cmcfadin9m";38;"cmcfadin9m@intel.com";"Corbett";"McFadin";"1979-08-11";"Male";""
348;"treith9n";22;"treith9n@toplist.cz";"Tommi";"Reith";"1995-07-29";"Female";""
349;"cvandermerwe9o";47;"cvandermerwe9o@1688.com";"Carie";"Van der Merwe";"1970-07-06";"Female";""
350;"umcelane9p";37;"umcelane9p@last.fm";"Uriah";"McElane";"1980-07-09";"Male";""
351;"jadams9q";36;"jadams9q@barnesandnoble.com";"Jackquelin";"Adams";"1981-08-13";"Female";""
352;"bgobel9r";73;"bgobel9r@wufoo.com";"Brigid";"Gobel";"1944-06-20";"Female";""
353;"sspensley9s";56;"sspensley9s@dagondesign.com";"Stephenie";"Spensley";"1961-05-09";"Female";""
354;"awiltshier9t";68;"awiltshier9t@studiopress.com";"Ado";"Wiltshier";"1949-10-14";"Male";""
355;"hlongmate9u";72;"hlongmate9u@java.com";"Heidi";"Longmate";"1946-02-24";"Female";""
356;"bdennert9v";44;"bdennert9v@seesaa.net";"Burg";"Dennert";"1973-04-20";"Male";""
357;"ihartin9w";56;"ihartin9w@ocn.ne.jp";"Immanuel";"Hartin";"1961-08-25";"Male";""
358;"trider9x";28;"trider9x@macromedia.com";"Terry";"Rider";"1990-01-07";"Male";""
359;"zlubomirski9y";21;"zlubomirski9y@ameblo.jp";"Zabrina";"Lubomirski";"1997-01-30";"Female";""
360;"vtippell9z";22;"vtippell9z@cisco.com";"Vaclav";"Tippell";"1995-04-26";"Male";""
361;"rromanskia0";43;"rromanskia0@yellowpages.com";"Rourke";"Romanski";"1975-02-13";"Male";""
362;"btuminia1";63;"btuminia1@ocn.ne.jp";"Blondie";"Tumini";"1954-08-24";"Female";""
363;"amatzkea2";59;"amatzkea2@gov.uk";"Arron";"Matzke";"1958-10-09";"Male";""
364;"rfarniea3";61;"rfarniea3@nymag.com";"Rudolf";"Farnie";"1956-12-12";"Male";""
365;"agutersona4";68;"agutersona4@jugem.jp";"Aluino";"Guterson";"1950-02-15";"Male";""
366;"sswanniea5";75;"sswanniea5@bloglovin.com";"Salomone";"Swannie";"1942-04-12";"Male";""
367;"rsplevina6";39;"rsplevina6@ustream.tv";"Ruthanne";"Splevin";"1978-11-08";"Female";""
368;"ewintertona7";65;"ewintertona7@sakura.ne.jp";"Ericha";"Winterton";"1953-02-20";"Female";""
369;"rvogellera8";74;"rvogellera8@icq.com";"Romain";"Vogeller";"1943-11-08";"Male";""
370;"ssorsbya9";27;"ssorsbya9@canalblog.com";"Salomi";"Sorsby";"1990-03-11";"Female";""
371;"zskirvaneaa";33;"zskirvaneaa@rakuten.co.jp";"Zacharias";"Skirvane";"1985-02-04";"Male";""
372;"vraubenheimab";70;"vraubenheimab@dedecms.com";"Vanessa";"Raubenheim";"1947-07-08";"Female";""
373;"emouginac";61;"emouginac@slideshare.net";"Easter";"Mougin";"1957-01-05";"Female";""
374;"gmcmorlandad";26;"gmcmorlandad@histats.com";"Gennifer";"McMorland";"1991-11-20";"Female";""
375;"gcranageae";38;"gcranageae@chronoengine.com";"Garik";"Cranage";"1979-09-30";"Male";""
376;"hwarsopaf";33;"hwarsopaf@utexas.edu";"Harlen";"Warsop";"1985-01-19";"Male";""
377;"ssmythinag";73;"ssmythinag@amazon.de";"Schuyler";"Smythin";"1944-12-27";"Male";""
378;"hgutowskaah";71;"hgutowskaah@goo.ne.jp";"Husain";"Gutowska";"1947-03-18";"Male";""
379;"gjuanicoai";31;"gjuanicoai@dagondesign.com";"Garreth";"Juanico";"1986-11-15";"Male";""
380;"fjoannidiaj";64;"fjoannidiaj@buzzfeed.com";"Fey";"Joannidi";"1953-11-16";"Female";""
381;"lbullantak";45;"lbullantak@zimbio.com";"Lazaro";"Bullant";"1972-04-08";"Male";""
382;"otompsettal";32;"otompsettal@mediafire.com";"Olly";"Tompsett";"1985-10-19";"Female";""
383;"gpendlingtonam";69;"gpendlingtonam@nps.gov";"Gav";"Pendlington";"1948-09-09";"Male";""
384;"ctimmisan";28;"ctimmisan@networkadvertising.org";"Clementius";"Timmis";"1989-03-19";"Male";""
385;"dsommertonao";54;"dsommertonao@hao123.com";"Dino";"Sommerton";"1963-04-13";"Male";""
386;"tbriatap";59;"tbriatap@usnews.com";"Trever";"Briat";"1959-01-25";"Male";""
387;"bcollissaq";72;"bcollissaq@goo.ne.jp";"Barnabas";"Colliss";"1945-03-25";"Male";""
388;"akmieciakar";19;"akmieciakar@mlb.com";"Amaleta";"Kmieciak";"1999-02-09";"Female";""
389;"ceverittas";58;"ceverittas@microsoft.com";"Cortie";"Everitt";"1959-03-25";"Male";""
390;"pasprayat";66;"pasprayat@businesswire.com";"Pincus";"Aspray";"1951-07-16";"Male";""
391;"aderobertau";53;"aderobertau@lulu.com";"Ardene";"Derobert";"1964-08-11";"Female";""
392;"cpeleav";33;"cpeleav@livejournal.com";"Charleen";"Pele";"1984-08-21";"Female";""
393;"lvannahaw";20;"lvannahaw@purevolume.com";"Luciana";"Vannah";"1997-12-28";"Female";""
394;"mrosenblathax";54;"mrosenblathax@instagram.com";"Mufi";"Rosenblath";"1964-02-28";"Female";""
395;"plivzeyay";34;"plivzeyay@senate.gov";"Prissie";"Livzey";"1984-02-11";"Female";""
396;"bvilleaz";39;"bvilleaz@ask.com";"Bentley";"Ville";"1978-07-31";"Male";""
397;"dhaugb0";44;"dhaugb0@washingtonpost.com";"Dion";"Haug";"1973-09-12";"Female";""
398;"eguirardb1";56;"eguirardb1@qq.com";"Eldon";"Guirard";"1962-01-10";"Male";""
399;"rgiddensb2";19;"rgiddensb2@hp.com";"Rutter";"Giddens";"1999-02-28";"Male";""
400;"zjuggingb3";24;"zjuggingb3@nhs.uk";"Zachariah";"Jugging";"1993-08-12";"Male";""
401;"adriverb4";28;"adriverb4@sogou.com";"Abran";"Driver";"1989-07-07";"Male";""
402;"rbalharrieb5";31;"rbalharrieb5@biglobe.ne.jp";"Rosalie";"Balharrie";"1986-09-04";"Female";""
403;"sclemb6";29;"sclemb6@ebay.co.uk";"Shalna";"Clem";"1988-06-25";"Female";""
404;"fbogeysb7";39;"fbogeysb7@dyndns.org";"Fairfax";"Bogeys";"1978-07-14";"Male";""
405;"mmephamb8";42;"mmephamb8@accuweather.com";"Maurizia";"Mepham";"1975-11-10";"Female";""
406;"estockenb9";54;"estockenb9@fc2.com";"Erastus";"Stocken";"1963-07-08";"Male";""
407;"jlardnerba";44;"jlardnerba@flavors.me";"Juline";"Lardner";"1973-08-21";"Female";""
408;"fschwandermannbb";44;"fschwandermannbb@ucoz.com";"Fairlie";"Schwandermann";"1973-09-07";"Male";""
409;"bproschbc";44;"bproschbc@time.com";"Bartholomeus";"Prosch";"1973-12-07";"Male";""
410;"mlaxtonnebd";77;"mlaxtonnebd@mapquest.com";"Malena";"Laxtonne";"1940-10-01";"Female";""
411;"swederellbe";36;"swederellbe@wsj.com";"Sheeree";"Wederell";"1981-05-01";"Female";""
412;"rcoopebf";38;"rcoopebf@auda.org.au";"Rufe";"Coope";"1979-05-21";"Male";""
413;"airwinbg";31;"airwinbg@amazonaws.com";"Ambrosi";"Irwin";"1986-07-04";"Male";""
414;"jmatuszewskibh";63;"jmatuszewskibh@bizjournals.com";"Jordain";"Matuszewski";"1955-03-06";"Female";""
415;"dvellenderbi";45;"dvellenderbi@dot.gov";"Dana";"Vellender";"1972-10-02";"Male";""
416;"ccleverleybj";21;"ccleverleybj@netscape.com";"Cazzie";"Cleverley";"1997-02-21";"Male";""
417;"morrocksbk";62;"morrocksbk@vkontakte.ru";"Maye";"Orrocks";"1955-05-09";"Female";""
418;"ctwaitsbl";60;"ctwaitsbl@aol.com";"Christophe";"Twaits";"1957-09-11";"Male";""
419;"akynastonebm";64;"akynastonebm@csmonitor.com";"Alfonse";"Kynastone";"1954-02-06";"Male";""
420;"ispinasbn";57;"ispinasbn@naver.com";"Ian";"Spinas";"1960-03-29";"Male";""
421;"mnewensbo";48;"mnewensbo@mediafire.com";"Madison";"Newens";"1969-12-12";"Male";""
422;"cmaidensbp";60;"cmaidensbp@feedburner.com";"Claudina";"Maidens";"1957-11-14";"Female";""
423;"bkunbq";18;"bkunbq@drupal.org";"Bennie";"Kun";"1999-05-11";"Male";""
424;"ogalliennebr";23;"ogalliennebr@wsj.com";"Oriana";"Gallienne";"1995-03-05";"Female";""
425;"wsaylebs";61;"wsaylebs@prnewswire.com";"Wood";"Sayle";"1956-04-28";"Male";""
426;"kgoginbt";48;"kgoginbt@ihg.com";"Karalynn";"Gogin";"1969-11-25";"Female";""
427;"sphilbu";36;"sphilbu@xing.com";"Silva";"Phil";"1981-07-27";"Female";""
428;"ldoublebv";62;"ldoublebv@abc.net.au";"Leena";"Double";"1955-12-21";"Female";""
429;"jespinolabw";69;"jespinolabw@ycombinator.com";"Jenilee";"Espinola";"1948-11-25";"Female";""
430;"rattrillbx";71;"rattrillbx@yale.edu";"Rhodia";"Attrill";"1947-02-26";"Female";""
431;"kgottschalkby";62;"kgottschalkby@jalbum.net";"Kiele";"Gottschalk";"1955-06-19";"Female";""
432;"aruslingbz";22;"aruslingbz@mozilla.org";"Andros";"Rusling";"1995-09-05";"Male";""
433;"cquoitc0";68;"cquoitc0@imgur.com";"Clare";"Quoit";"1949-09-21";"Female";""
434;"abratchellc1";34;"abratchellc1@chronoengine.com";"Arny";"Bratchell";"1983-06-06";"Male";""
435;"amartignonic2";51;"amartignonic2@macromedia.com";"Andrew";"Martignoni";"1966-10-29";"Male";""
436;"cscrinec3";44;"cscrinec3@paginegialle.it";"Claudius";"Scrine";"1973-04-22";"Male";""
437;"skirmanc4";55;"skirmanc4@webs.com";"Sigrid";"Kirman";"1962-04-13";"Female";""
438;"dhartgillc5";77;"dhartgillc5@ezinearticles.com";"Dayna";"Hartgill";"1941-02-07";"Female";""
439;"ecarcassc6";45;"ecarcassc6@yale.edu";"Emmet";"Carcass";"1972-06-30";"Male";""
440;"rjantotc7";60;"rjantotc7@storify.com";"Ros";"Jantot";"1957-07-16";"Female";""
441;"lpitkinsc8";69;"lpitkinsc8@gov.uk";"Lannie";"Pitkins";"1948-05-14";"Male";""
442;"bkinglakec9";70;"bkinglakec9@simplemachines.org";"Babita";"Kinglake";"1947-06-28";"Female";""
443;"eburridgeca";75;"eburridgeca@vk.com";"Elise";"Burridge";"1942-08-17";"Female";""
444;"efullbrookcb";67;"efullbrookcb@mtv.com";"Elaine";"Fullbrook";"1950-10-19";"Female";""
445;"pwenncc";60;"pwenncc@usnews.com";"Parry";"Wenn";"1957-12-07";"Male";""
446;"ebeldencd";52;"ebeldencd@usatoday.com";"Erastus";"Belden";"1965-04-04";"Male";""
447;"jbirdwhistlece";36;"jbirdwhistlece@nyu.edu";"Jordon";"Birdwhistle";"1981-06-11";"Male";""
448;"hleggecf";67;"hleggecf@toplist.cz";"Hillary";"Legge";"1950-07-13";"Female";""
449;"mairthcg";75;"mairthcg@discovery.com";"Malissia";"Airth";"1942-09-24";"Female";""
450;"lclemmench";33;"lclemmench@senate.gov";"Langsdon";"Clemmen";"1984-08-13";"Male";""
451;"kcopperci";30;"kcopperci@eepurl.com";"Kele";"Copper";"1988-03-03";"Male";""
452;"hskelloncj";58;"hskelloncj@hud.gov";"Hayward";"Skellon";"1959-10-31";"Male";""
453;"agurdenck";44;"agurdenck@nymag.com";"Art";"Gurden";"1973-06-13";"Male";""
454;"gjosefcl";23;"gjosefcl@163.com";"Grantham";"Josef";"1994-04-25";"Male";""
455;"lhasemancm";76;"lhasemancm@github.io";"Larissa";"Haseman";"1941-06-04";"Female";""
456;"mvowdoncn";27;"mvowdoncn@utexas.edu";"Meggie";"Vowdon";"1990-06-16";"Female";""
457;"npoulstonco";39;"npoulstonco@comsenz.com";"Nicoli";"Poulston";"1978-11-27";"Female";""
458;"cpembertoncp";18;"cpembertoncp@arizona.edu";"Corrina";"Pemberton";"1999-04-06";"Female";""
459;"ecassecq";56;"ecassecq@google.com.br";"Eve";"Casse";"1961-10-04";"Female";""
460;"dbonhomecr";51;"dbonhomecr@eepurl.com";"Dacia";"Bonhome";"1967-02-07";"Female";""
461;"wshowlercs";44;"wshowlercs@nydailynews.com";"Willie";"Showler";"1974-01-04";"Female";""
462;"rescalact";35;"rescalact@webeden.co.uk";"Richardo";"Escala";"1983-02-20";"Male";""
463;"fheikkinencu";42;"fheikkinencu@sogou.com";"Frank";"Heikkinen";"1976-03-08";"Female";""
464;"cgillhespycv";30;"cgillhespycv@twitter.com";"Cyndy";"Gillhespy";"1987-05-27";"Female";""
465;"morgillcw";45;"morgillcw@xinhuanet.com";"Michal";"Orgill";"1972-10-12";"Female";""
466;"dpimercx";30;"dpimercx@shareasale.com";"Dianemarie";"Pimer";"1987-03-24";"Female";""
467;"rmantionecy";24;"rmantionecy@irs.gov";"Ric";"Mantione";"1993-04-29";"Male";""
468;"parnaudcz";56;"parnaudcz@cbc.ca";"Paolina";"Arnaud";"1962-02-17";"Female";""
469;"bshottond0";35;"bshottond0@google.com";"Bartolomeo";"Shotton";"1983-03-06";"Male";""
470;"snelligand1";25;"snelligand1@wordpress.org";"Sapphire";"Nelligan";"1992-12-11";"Female";""
471;"sbuncherd2";68;"sbuncherd2@google.de";"Sylvan";"Buncher";"1949-11-14";"Male";""
472;"eyushind3";38;"eyushind3@php.net";"Ellsworth";"Yushin";"1979-03-14";"Male";""
473;"dpamplingd4";26;"dpamplingd4@pinterest.com";"Dode";"Pampling";"1991-05-07";"Female";""
474;"tfirmind5";56;"tfirmind5@cornell.edu";"Terrijo";"Firmin";"1961-08-18";"Female";""
475;"lponded6";25;"lponded6@virginia.edu";"Luca";"Ponde";"1992-06-13";"Male";""
476;"zdebulliond7";43;"zdebulliond7@epa.gov";"Zack";"de Bullion";"1975-01-18";"Male";""
477;"atraheard8";40;"atraheard8@homestead.com";"Audi";"Trahear";"1977-10-06";"Female";""
478;"jgardd9";24;"jgardd9@princeton.edu";"James";"Gard";"1993-08-19";"Male";""
479;"hmccurryda";37;"hmccurryda@spotify.com";"Hinze";"McCurry";"1980-08-14";"Male";""
480;"wmecchidb";67;"wmecchidb@wikispaces.com";"Wilbur";"Mecchi";"1950-07-17";"Male";""
481;"kluxdc";33;"kluxdc@redcross.org";"Kimbra";"Lux";"1984-06-03";"Female";""
482;"lmuatdd";40;"lmuatdd@tamu.edu";"Leo";"Muat";"1977-05-02";"Male";""
483;"kschelligde";45;"kschelligde@free.fr";"Katya";"Schellig";"1973-02-26";"Female";""
484;"cyedydf";77;"cyedydf@buzzfeed.com";"Clementius";"Yedy";"1940-10-27";"Male";""
485;"kneadsdg";41;"kneadsdg@hibu.com";"Karia";"Neads";"1976-07-02";"Female";""
486;"ddellentydh";67;"ddellentydh@blogspot.com";"Dorisa";"Dellenty";"1951-02-14";"Female";""
487;"lvickarmandi";63;"lvickarmandi@hostgator.com";"Lutero";"Vickarman";"1954-11-26";"Male";""
488;"awymerdj";22;"awymerdj@wikispaces.com";"Alidia";"Wymer";"1995-03-31";"Female";""
489;"sskeatsdk";63;"sskeatsdk@google.com.au";"Sawyer";"Skeats";"1954-12-30";"Male";""
490;"wleathersdl";20;"wleathersdl@wikia.com";"Winny";"Leathers";"1997-10-26";"Male";""
491;"nholyarddm";72;"nholyarddm@mlb.com";"Nickolai";"Holyard";"1945-08-19";"Male";""
492;"akeelingdn";56;"akeelingdn@scribd.com";"Armand";"Keeling";"1962-02-17";"Male";""
493;"rwardesworthdo";75;"rwardesworthdo@weibo.com";"Rois";"Wardesworth";"1942-08-31";"Female";""
494;"wreynerdp";25;"wreynerdp@ebay.co.uk";"Wendeline";"Reyner";"1992-09-26";"Female";""
495;"icorradodq";33;"icorradodq@nih.gov";"Irvine";"Corrado";"1984-08-18";"Male";""
496;"cballintynedr";50;"cballintynedr@1und1.de";"Cos";"Ballintyne";"1967-04-16";"Male";""
497;"ucotteeds";41;"ucotteeds@bloglines.com";"Uriah";"Cottee";"1976-11-26";"Male";""
498;"hknilldt";36;"hknilldt@webmd.com";"Husein";"Knill";"1981-10-29";"Male";""
499;"srecordsdu";50;"srecordsdu@state.tx.us";"Shelley";"Records";"1967-06-28";"Male";""
500;"klockhartdv";70;"klockhartdv@tripadvisor.com";"Kessia";"Lockhart";"1947-08-10";"Female";""
